"position","ruleId","ruleName","profileId","profileName","status","resultValue","numeratorCount","denominatorCount","sampleCount","unit","targetValue","targetDirection","qualityStatus","dataFreshness","errorCode","errorMessage"
"0","HXZD-001-001","患者入院48小时内转科的比例","HXZD-001-001","推荐方案（公版）","SUCCESS","2.3981","10","417","417","percentage","60.0000","<","ABNORMAL",,,
"1","HXZD-002-001","患者入院8小时内查房率","HXZD-002-001","推荐方案（公版）","SUCCESS","6.9378","29","418","418","percentage","10.0000",">=","ABNORMAL",,,
"2","HXZD-002-002","上级医师查房记录规范率","HXZD-002-002","推荐方案（公版）","SUCCESS","0.4785","2","418","418","percentage","0.0000",">=","ABNORMAL",,,
"3","HXZD-002-003","住院患者非计划手术率","HXZD-002-003","推荐方案（公版）","SUCCESS","0.2404","1","416","416","percentage","0.0000","<","ABNORMAL",,,
"4","HXZD-003-001","急会诊及时到位率","HXZD-003-001","推荐方案（公版）","SUCCESS","0","0","11","11","percentage","5.0000",">=","ABNORMAL",,,
"5","HXZD-003-002","急会诊有效率","HXZD-003-002","推荐方案（公版）","SUCCESS","0","0","11","11","percentage","5.0000",">=","ABNORMAL",,,
"6","HXZD-003-003","普通会诊及时完成率","HXZD-003-003_001","推荐方案（公版）","SUCCESS","77.7778","28","36","36","percentage","5.0000",">=","ABNORMAL",,,
"7","HXZD-003-004","普通会诊有效率","HXZD-003-004","推荐方案（公版）","SUCCESS","0","0","36","36","percentage","10.0000",">=","ABNORMAL",,,
"8","HXZD-004-001","手术患者特级护理","HXZD-004-001","推荐方案（公版）","SUCCESS","10.1695","6","59","59","percentage",,"<","ABNORMAL",,,
"9","HXZD-005-001","四级手术患者手术当日床旁交接班占比","HXZD-005-001","推荐方案（公版）","NO_SAMPLE",,"0","0","0","percentage","90.0000",">=","ABNORMAL",,,
"10","HXZD-006-001","非计划再次住院","HXZD-006-001","推荐方案（公版）","NO_SAMPLE",,"0","0","0","percentage","100.0000",">=","ABNORMAL",,,
"11","HXZD-006-002","非计划再次住院","HXZD-006-002","推荐方案（公版）","NO_SAMPLE",,"0","0","0","percentage","100.0000",">=","ABNORMAL",,,
"12","HXZD-006-003","高额异常费用患者进行疑难病例讨论的占比","HXZD-006-003_001","推荐方案（公版）","NO_SAMPLE",,"0","0","0",,,,"ABNORMAL",,"INIT_NO_SOURCE_DATA","当前统计窗口内源查询无可用数据。"
"13","HXZD-007-001","急危重症患者抢救成功率","HXZD-007-001","推荐方案（公版）","SUCCESS","53.3333","16","30","30","percentage","100.0000",">=","ABNORMAL",,,
"14","HXZD-008-001","术前讨论完成率","HXZD-008-001","推荐方案（公版）","NO_SAMPLE",,"0","0","0","percentage","100.0000",">=","ABNORMAL",,,
"15","HXZD-008-002","术者参加术前讨论率","HXZD-008-002_001","推荐方案（公版）","NO_SAMPLE",,"0","0","0","percentage","100.0000",">=","ABNORMAL",,,
"16","HXZD-008-002","术者参加术前讨论率","HXZD-008-002_002","变体方案","NO_SAMPLE",,"0","0","0","percentage","100.0000",">=","ABNORMAL",,,
"17","HXZD-008-003","术前讨论计划手术一致率","HXZD-008-003","推荐方案（公版）","NO_SAMPLE",,"0","0","0","percentage","100.0000",">=","ABNORMAL",,,
"18","HXZD-008-004","实际手术术者与计划手术术者一致率","HXZD-008-004","推荐方案（公版）","NO_SAMPLE",,"0","0","0","percentage","100.0000",">=","ABNORMAL",,,
"19","HXZD-009-001","死亡病例讨论5日完成率","HXZD-009-001","推荐方案（公版）","SUCCESS","0","0","1","1","percentage","100.0000",">=","ABNORMAL",,,
"20","HXZD-009-002","医务部门组织讨论的死亡病例与发生纠纷的死亡病例比值","HXZD-009-002_001","推荐方案（公版）","NO_SAMPLE",,"0","0","0","ratio","1",">=","ABNORMAL",,,
"21","HXZD-009-002","医务部门组织讨论的死亡病例与发生纠纷的死亡病例比值","HXZD-009-002_002","变体方案","FAILED",,,,,,,,"ABNORMAL",,"PROFILE_NOT_IMPLEMENTED","知识库明确未配置可执行概览 SQL，本口径未实现，本次跳过。"
"22","HXZD-009-003","科主任主持死亡病例讨论率","HXZD-009-003_001","推荐方案（公版）","SUCCESS","0","0","1","1","percentage","100.0000",">=","ABNORMAL",,,
"23","HXZD-009-003","科主任主持死亡病例讨论率","HXZD-009-003_002","变体方案","SUCCESS","0","0","1","1","percentage","100.0000",">=","ABNORMAL",,,
"24","HXZD-009-004","死亡患者病案上传率","HXZD-009-004","推荐方案（公版）","SUCCESS","0","0","1","1","percentage","100.0000",">=","ABNORMAL",,,
"25","HXZD-010-001","长期医嘱当日终止率","HXZD-010-001","推荐方案（公版）","NO_SAMPLE",,"0","0","0","percentage",,"<","ABNORMAL",,,
"26","HXZD-011-001","手术医师手术时间重合率","HXZD-011-001","推荐方案（公版）","SUCCESS","0","0","2","2","percentage","5.0000","<","ABNORMAL",,,
"27","HXZD-011-002","麻醉医师手术时间重合率","HXZD-011-002","推荐方案（公版）","SUCCESS","0","0","2","2","percentage","5.0000","<","ABNORMAL",,,
"28","HXZD-012-001","四级手术与三级手术并发症发生率比","HXZD-012-001_001","推荐方案（公版）","SUCCESS",,,,,"ratio",,,"ABNORMAL",,,
"29","HXZD-012-001","四级手术与三级手术并发症发生率比","HXZD-012-001_002","变体方案","SUCCESS",,,,,"ratio",,,"ABNORMAL",,,
"30","HXZD-012-002","四级手术与三级手术患者死亡率比","HXZD-012-002_001","推荐方案（公版）","SUCCESS",,,,,"ratio",,,"ABNORMAL",,,
"31","HXZD-012-002","四级手术与三级手术患者死亡率比","HXZD-012-002_002","变体方案","SUCCESS",,,,,"ratio",,,"ABNORMAL",,,
"32","HXZD-012-003","四级手术术前多学科讨论完成率","HXZD-012-003_001","推荐方案（公版）","NO_SAMPLE",,"0","0","0","percentage","100.0000",">=","ABNORMAL",,,
"33","HXZD-012-003","四级手术术前多学科讨论完成率","HXZD-012-003_002","变体方案","NO_SAMPLE",,"0","0","0","percentage","100.0000",">=","ABNORMAL",,,
"34","HXZD-012-004","三、四级手术实际开展率","HXZD-012-004_001","推荐方案（公版）","NO_SAMPLE",,"0","0","0","percentage","100.0000",">=","ABNORMAL",,,
"35","HXZD-012-004","三、四级手术实际开展率","HXZD-012-004_002","变体方案","SUCCESS","0.1511","6","3970","3970","percentage","100.0000",">=","ABNORMAL",,,
"36","HXZD-013-001","新技术新项目留存转化率","HXZD-013-001","推荐方案（公版）","NO_SAMPLE",,"0","0","0","percentage","100.0000",">=","ABNORMAL",,,
"37","HXZD-014-001","危急值报告时间","HXZD-014-001","推荐方案（公版）","NO_SAMPLE",,"0","0","0",,"0","<","ABNORMAL",,,
"38","HXZD-014-002","住院患者危急值当日及时处置率","HXZD-014-002","推荐方案（公版）","SUCCESS","100","1","1","1","percentage","100.0000",">=","ABNORMAL",,,
"39","HXZD-015-001","特殊使用级抗菌药物使用会诊率","HXZD-015-001_001","推荐方案（公版）","SUCCESS","9.375","3","32","32","percentage","100.0000",">=","ABNORMAL",,,
"40","HXZD-015-001","特殊使用级抗菌药物使用会诊率","HXZD-015-001_002","变体方案","SUCCESS","0","0","31","31","percentage","100.0000",">=","ABNORMAL",,,
"41","HXZD-016-001","临床用血后评估记录率","HXZD-016-001","推荐方案（公版）","SUCCESS","100","11","11","11","percentage","100.0000",">=","ABNORMAL",,,
"42","HXZD-016-002","术中自体血回输率","HXZD-016-002","推荐方案（公版）","NO_SAMPLE",,"0","0","0","percentage","100.0000",">=","ABNORMAL",,,
